Name,preds
Brandon Ingram,1
Andrew Harrison,1
JaKarr Sampson,1
Malik Sealy,1
Matt Geiger,1
Tony Bennett,1
Don MacLean,1
Tracy Murray,1
Duane Cooper,1
Dave Johnson,1
Corey Williams,1
Sam Mack,1
Lorenzo Williams,1
P.J. Hairston,1
Elmore Spencer,1
John Crotty,1
Stephen Howard,1
Randy Woods,1
Larry Johnson,1
Larry Johnson,1
Billy Owens,1
Stacey Augmon,1
Mark Macon,1
Steven Smith,1
Mitch McGary,1
Larry Stewart,1
Mike Iuzzolino,1
Doug Smith,1
Paul Graham,1
Donald Hodge,1
Dale Davis,1
Stanley Roberts,1
Terrell Brandon,1
Bison Dele,1
Spencer Dinwiddie,1
Tracy Moore,1
Greg Anthony,1
Kenny Anderson,1
Victor Alexander,1
David Benoit,1
Kevin Lynch,1
LaBradford Smith,1
Chris Corchiani,1
Travis Wear,1
Robert Pack,1
Pete Chilcutt,1
Chris Gatling,1
Tharon Mayes,1
Eric Murdock,1
Randy Brown,1
Greg Sutton,1
Elliot Perry,1
Marty Conlon,1
Rodney Monroe,1
John Turner,1
Mark Randall,1
Sean Green,1
Kevin Brooks,1
Doug Lee,1
Corey Crowder,1
Rich King,1
Stephen Thompson,1
Charles Thomas,1
Lionel Simmons,1
Gary Harris,1
Derrick Coleman,1
Travis Mays,1
Dennis Scott,1
Gary Payton*,1
Felton Spencer,1
Willie Burton,1
Dee Brown,1
Dee Brown,1
Dee Brown,1
Dee Brown,1
Kendall Gill,1
Duane Causwell,1
Mahmoud Abdul-Rauf,1
A.J. English,1
Danny Ferry,1
Mario Elie,1
Anthony Cook,1
Gerald Paddio,1
Bimbo Coles,1
Bo Kimble,1
Alec Kessler,1
Loy Vaught,1
Tyrone Hill,1
Marcus Liberty,1
Terry Mills,1
Jamal Robinson,1
Henry James,1
Jerrod Mustaf,1
Kevin Pritchard,1
Gerald Glass,1
Larry Robinson,1
Jud Buechler,1
Cedric Ceballos,1
Kyle Anderson,1
Greg Foster,1
Brian Oliver,1
Howard Wright,1
Tony Smith,1
Tate George,1
Rick Calloway,1
Steve Henson,1
Andy Toolson,1
Jayson Williams,1
Kennard Winchester,1
Johnny O'Bryant,1
Dwayne Schintzius,1
Sean Higgins,1
Elden Campbell,1
Kenny Williams,1
Keith Askins,1
Scott Williams,1
Richard Coffey,1
Steve Scheffler,1
David Robinson*,1
James Young,1
Tim Hardaway,1
Tim Hardaway,1
J.R. Reid,1
Pooh Richardson,1
Sherman Douglas,1
Sam Mitchell,1
Glen Rice,1
Glen Rice,1
Mookie Blaylock,1
Sean Elliott,1
Blue Edwards,1
Cory Jefferson,1
Nick Anderson,1
Stacey King,1
Dana Barros,1
Jeff Martin,1
Clifford Robinson,1
Winston Bennett,1
Chucky Brown,1
Michael Ansley,1
Todd Lichti,1
Noah Vonleh,1
B.J. Armstrong,1
Terry Davis,1
Shawn Kemp,1
Tom Hammonds,1
Scott Haffner,1
Randy White,1
Kenny Battle,1
Donald Royal,1
Michael Carter-Williams,1
Delaney Rudd,1
John Morton,1
Greg Grant,1
Doug Roth,1
Byron Irvin,1
Michael Smith,1
Michael Smith,1
Michael Smith,1
Michael Smith,1
George McCloud,1
Henry Turner,1
Charles Smith,1
Charles Smith,1
Charles Smith,1
Charles Smith,1
Charles Smith,1
Charles Smith,1
Charles Smith,1
Charles Smith,1
Charles Smith,1
Ed Horton,1
Trey Burke,1
Frank Kornet,1
Doug West,1
Adrian Caldwell,1
Kenny Payne,1
Eric Johnson,1
Mike Williams,1
Mike Morrison,1
Nate Johnston,1
Mitch Richmond*,1
Willie Anderson,1
Victor Oladipo,1
Hersey Hawkins,1
Kevin Edwards,1
Grant Long,1
Rex Chapman,1
Brian Shaw,1
Chris Morris,1
Gary Grant,1
Vernon Maxwell,1
Ben McLemore,1
Dan Majerle,1
Sylvester Gray,1
Ricky Berry,1
Tom Garrick,1
Michael Anderson,1
Michael Anderson,1
Vinny Del Negro,1
Kelvin Upshaw,1
Derrick Chievous,1
Ledell Eackles,1
Harvey Grant,1
Rod Strickland,1
Scott Brooks,1
Todd Mitchell,1
John Shasky,1
Mark Bryant,1
Mark Bryant,1
Shelton Jones,1
Eric Leckner,1
Jerome Lane,1
Tim Perry,1
Jim Les,1
Craig Neal,1
David Rivers,1
John Starks,1
Andrew Lang,1
Bill Jones,1
Charles Shackleford,1
Morlon Wiley,1
Randolph Keys,1
Mark Davis,1
Mark Davis,1
Mark Davis,1
Mark Davis,1
Troy Williams,1
Hollis Thompson,1
Ron Grandison,1
Micheal Williams,1
Anthony Frederick,1
Avery Johnson,1
Everette Stephens,1
Jack Haley,1
Duane Ferrell,1
Mark Jackson,1
Kenny Smith,1
Nate Wolters,1
Armen Gilliam,1
Winston Garland,1
Joe Wolf,1
Reggie Williams,1
Reggie Williams,1
Greg Anderson,1
Kevin Johnson,1
Horace Grant,1
Reggie Miller*,1
Dennis Hopson,1
Ken Norman,1
Ryan Kelly,1
Scottie Pippen*,1
Derrick McKey,1
Muggsy Bogues,1
Tellis Frank,1
Ricky Wilson,1
Dave Hoppen,1
Dallas Comegys,1
Mark Acres,1
Michael Jackson,1
Tony White,1
Brad Lohaus,1
Milt Wagner,1
Chris Dudley,1
Clinton Wheeler,1
Billy Donovan,1
Reggie Lewis,1
Martin Nessley,1
John Stroeder,1
Bart Kofoed,1
Ray McCallum,1
Ralph Lewis,1
Ron Harper,1
Chuck Person,1
Hot Rod Williams,1
Brad Daugherty,1
Nate McMillan,1
Kenny Walker,1
Walter Berry,1
John Williams,1
Kentavious Caldwell-Pope,1
Brad Sellers,1
David Wingate,1
Johnny Dawkins,1
William Bedford,1
Jeff Hornacek,1
Roy Tarpley,1
Mark Price,1
John Salley,1
Mark Alarie,1
Ben Coleman,1
Dennis Rodman*,1
Larry Krystkowiak,1
Kenny Gattison,1
Tim Kempton,1
Harold Pressley,1
Kevin Duckworth,1
Anthony Jones,1
Mike Brown,1
Grant Gondrezick,1
Billy Thompson,1
Mason Plumlee,1
Rafael Addison,1
Chris Washburn,1
Keith Smith,1
Johnny Newman,1
Johnny Rogers,1
Dell Curry,1
Buck Johnson,1
Clinton Smith,1
Dave Feitl,1
Bob Martin,1
Bob Martin,1
Conner Henry,1
Patrick Ewing,1
Xavier McDaniel,1
Karl Malone*,1
Wayman Tisdale,1
Benoit Benjamin,1
Chris Mullin*,1
Gerald Wilkins,1
Joe Dumars*,1
Cody Zeller,1
Charles Oakley,1
Jon Koncak,1
Keith Lee,1
Ed Pinckney,1
A.C. Green,1
Bob Thornton,1
Terry Catledge,1
Spud Webb,1
Terry Porter,1
Marquese Chriss,1
Nick Calathes,1
Carey Scurry,1
Dirk Minniefield,1
Joe Kleine,1
Alfredrick Hughes,1
Bill Martin,1
Tony Snell,1
Fred Cofield,1
Dwayne McClain,1
John Battle,1
Jerry Reynolds,1
Steve Harris,1
Lorenzo Charles,1
Sam Vincent,1
Blair Rasmussen,1
Phil Pressey,1
Michael Jordan*,1
Vern Fleming,1
Sam Bowie,1
Charles Barkley*,1
Sam Perkins,1
Jay Humphries,1
Otis Thorpe,1
Kevin Willis,1
Michael Cage,1
Alvin Robertson,1
Tim McCormick,1
Charles Jones,1
Charles Jones,1
Charles Jones,1
Charles Jones,1
Charles Jones,1
Charles Jones,1
Jeff Turner,1
Tony Brown,1
Antoine Carr,1
Steve Colter,1
Ken Bannister,1
John Stockton*,1
Terence Stansbury,1
Othell Wilson,1
Eddie Lee Wilkins,1
Chuck Aleksinas,1
Ron Anderson,1
Frank Brickowski,1
Ozell Jones,1
Devin Durrant,1
Jerome Kersey,1
Ron Cavenall,1
Tony Campbell,1
Lancaster Gordon,1
Gary Plummer,1
Kenny Fields,1
Cory Blackwell,1
Bernard Thompson,1
Peter Thibeaux,1
Steve Burtt,1
Leon Wood,1
Charlie Sitton,1
Willie White,1
Rick Carlisle,1
Ralph Sampson*,1
Steve Stipanovich,1
Ennis Whatley,1
Rodney McCray,1
Anthony Bonner,1
Mitchell Wiggins,1
Thurl Bailey,1
Jeff Malone,1
Doc Rivers,1
Roy Hinson,1
Byron Scott,1
Paul Thompson,1
Derek Harper,1
Fred Roberts,1
Rod Foster,1
Dewayne Dedmon,1
Jon Sundvold,1
Clyde Drexler*,1
Jim Thomas,1
Darrell Walker,1
Sidney Lowe,1
Dale Ellis,1
Darren Daye,1
Randy Wittman,1
Sidney Green,1
Granville Waiters,1
C.J. McCollum,1
Howard Carter,1
Dane Suttle,1
Scooter McCray,1
Sedale Threatt,1
John Paxson,1
Leroy Combs,1
Larry Micheaux,1
Randy Breuer,1
Pace Mannion,1
Kris Dunn,1
Robbie Hummel,1
Bruce Kuczenski,1
Russell Cross,1
Bob Hansen,1
Greg Kite,1
Terry Cummings,1
Clark Kellogg,1
Quintin Dailey,1
Rod Higgins,1
Craig Hodges,1
Jeff Withey,1
James Worthy*,1
Trent Tucker,1
Terry Teagle,1
Marc Iavaroni,1
Ed Nealy,1
Rob Williams,1
Jerry Eaves,1
Paul Pressey,1
Brandon Davies,1
Lester Conner,1
Mark Eaton,1
Bill Garnett,1
Jeff Taylor,1
Jeff Taylor,1
Bryan Warrick,1
Sleepy Floyd,1
Richard Anderson,1
Russ Schoene,1
John Bagley,1
Archie Goodwin,1
Cliff Levingston,1
LaSalle Thompson,1
Bruce Flowers,1
Corny Thompson,1
Walker Russell,1
Walker Russell,1
David Thirdkill,1
Dave Batton,1
Darren Tillis,1
Brook Steppe,1
Rory White,1
Andre Roberson,1
Linton Townes,1
Eddie Phillips,1
Jim Johnstone,1
Jose Slaughter,1
Rickey Williams,1
Chris Engler,1
Ricky Pierce,1
Mark McNamara,1
Scott Hastings,1
Oliver Robinson,1
Kelly Tripucka,1
Buck Williams,1
Isiah Thomas*,1
Tom Chambers,1
Jay Vincent,1
Mark Aguirre,1
Herb Williams,1
Jeff Ruland,1
Frank Johnson,1
Elston Turner,1
Steve Johnson,1
Albert King,1
Gene Banks,1
Eddie Johnson,1
Eddie Johnson,1
Danny Schayes,1
Rudy Macklin,1
Kurt Rambis,1
Darnell Valentine,1
Jim Brogan,1
John Douglas,1
Kevin Loder,1
Orlando Woolridge,1
Alton Lister,1
Larry Nance,1
Danny Vranes,1
Ed Rains,1
Peyton Siva,1
Jeff Lamp,1
Ray Blume,1
Garry Witts,1
Charlie Davis,1
Danny Ainge,1
Mike McGee,1
Mark Radford,1
Alex Bradley,1
Reggie Bullock,1
Howard Wood,1
Franklin Edwards,1
Bobby Cattage,1
Charles Bradley,1
Kevin McKenna,1
Joe Barry Carroll,1
Darrell Griffith,1
Larry Smith,1
Mike O'Koren,1
Kelvin Ransey,1
Malcolm Delaney,1
Otto Porter,1
Bill Laimbeer,1
Michael Brooks,1
Mike Gminski,1
Darwin Cook,1
Andrew Toney,1
Cedrick Hordges,1
Calvin Garrett,1
Don Collins,1
Louis Orr,1
Reggie Johnson,1
Larry Drew,1
Larry Drew,1
Kevin McHale*,1
Lowes Moore,1
Wayne Robinson,1
Johnny Moore,1
Kyle Macy,1
Bill Hanzlik,1
Solomon Hill,1
Edgar Jones,1
Sam Worthen,1
James Johnson,1
James Johnson,1
Lorenzo Romar,1
Rick Mahorn,1
Rickey Brown,1
Butch Carter,1
Mike Woodson,1
John Duren,1
James Wilkes,1
Shabazz Muhammad,1
DeWayne Scales,1
Craig Shelton,1
Earl Cureton,1
Billy Reid,1
Jerry Sichting,1
Reggie Carter,1
Mike Harper,1
Mike Niles,1
Toure' Murry,1
Dionte Christmas,1
Damian Lillard,1
Bradley Beal,1
Semaj Christon,1
Anthony Davis,1
Dion Waiters,1
Kyle Singler,1
Tyler Zeller,1
Maurice Harkless,1
Michael Kidd-Gilchrist,1
Harrison Barnes,1
Austin Rivers,1
Caris LeVert,1
Andre Drummond,1
Jared Sullinger,1
Meyers Leonard,1
Patrick Beverley,1
Jae Crowder,1
Brian Roberts,1
Terrence Ross,1
Chris Copeland,1
Thomas Robinson,1
John Jenkins,1
Kendall Marshall,1
Draymond Green,1
Darius Miller,1
John Henson,1
Sheldon McClellan,1
DeQuan Jones,1
Doron Lamb,1
Will Barton,1
Orlando Johnson,1
Arnett Moultrie,1
Kyle O'Quinn,1
Bernard James,1
Kim English,1
Rodney McGruder,1
Mike Scott,1
Marquis Teague,1
Tony Wroten,1
Maalik Wayns,1
Jeremy Lamb,1
Brandon Knight,1
MarShon Brooks,1
Iman Shumpert,1
Chandler Parsons,1
Kemba Walker,1
Isaiah Thomas,1
Klay Thompson,1
Kawhi Leonard,1
Wade Baldwin,1
Kenneth Faried,1
Chris Singleton,1
Derrick Williams,1
Donald Sloan,1
Markieff Morris,1
Norris Cole,1
Jimmer Fredette,1
Charles Jenkins,1
Jaylen Brown,1
Ivan Johnson,1
Alec Burks,1
Lavoy Allen,1
Lance Thomas,1
Jordan Williams,1
Josh Harrellson,1
Greg Stiemsma,1
Jeremy Tyler,1
Malcolm Lee,1
Nolan Smith,1
Shelvin Mack,1
Jon Leuer,1
Tobias Harris,1
Cory Higgins,1
Andrew Goudelock,1
Jordan Hamilton,1
Mickell Gladness,1
Patrick McCaw,1
Jeremy Pargo,1
E'Twaun Moore,1
Jimmy Butler,1
JaJuan Johnson,1
Blake Griffin,1
John Wall,1
Landry Fields,1
DeMarcus Cousins,1
Greg Monroe,1
Wesley Johnson,1
Ed Davis,1
Jordan Crawford,1
Evan Turner,1
Eric Bledsoe,1
Gary Neal,1
Paul George,1
Derrick Favors,1
Kay Felder,1
Al-Farouq Aminu,1
Ekpe Udoh,1
Manny Harris,1
Gordon Hayward,1
Patrick Patterson,1
Trevor Booker,1
Larry Sanders,1
Luke Harangody,1
Quincy Pondexter,1
Ben Uzoh,1
Ish Smith,1
Lazar Hayward,1
Jeremy Evans,1
Cole Aldrich,1
Armon Johnson,1
Mustafa Shakur,1
Derrick Caracter,1
Tyreke Evans,1
Stephen Curry,1
Brandon Jennings,1
Denzel Valentine,1
Jonny Flynn,1
Darren Collison,1
Taj Gibson,1
Marcus Thornton,1
Wesley Matthews,1
Jrue Holiday,1
James Harden,1
Terrence Williams,1
Taurean Waller-Prince,1
DeMar DeRozan,1
Ty Lawson,1
Chase Budinger,1
Toney Douglas,1
DeJuan Blair,1
Wayne Ellington,1
Sam Young,1
Eric Maynor,1
A.J. Price,1
Karl-Anthony Towns,1
Jordan Hill,1
Austin Daye,1
Chris Hunter,1
Jon Brockman,1
Garrett Temple,1
Jodie Meeks,1
Dante Cunningham,1
DeMarre Carroll,1
Jeff Ayres,1
Jeff Teague,1
Derrick Brown,1
DaJuan Summers,1
Gerald Henderson,1
Gerald Henderson,1
Earl Clark,1
Cedric Jackson,1
Marcus Landry,1
Jahlil Okafor,1
Lester Hudson,1
O.J. Mayo,1
Derrick Rose,1
Eric Gordon,1
Russell Westbrook,1
Mario Chalmers,1
Brook Lopez,1
Jason Thompson,1
D.J. Augustin,1
Justise Winslow,1
Kevin Love,1
Courtney Lee,1
Michael Beasley,1
Brandon Rush,1
Anthony Morrow,1
Greg Oden,1
Kyle Weaver,1
Ryan Anderson,1
Darrell Arthur,1
George Hill,1
Marreese Speights,1
JaVale McGee,1
Mike Taylor,1
DeAndre Jordan,1
Roy Hibbert,1
Bobby Brown,1
D'Angelo Russell,1
Chris Douglas-Roberts,1
Jerryd Bayless,1
Cory Alexander,1
Cory Alexander,1
Kosta Koufos,1
Rob Kurz,1
Anthony Tolliver,1
Devin Booker,1
Robin Lopez,1
Darnell Jackson,1
Sean Singletary,1
Kevin Durant,1
Jeff Green,1
Jamario Moon,1
Al Thornton,1
Mike Conley,1
Stanley Johnson,1
Daequan Cook,1
Corey Brewer,1
Thaddeus Young,1
Joakim Noah,1
Wilson Chandler,1
Rodney Stuckey,1
Jared Dudley,1
Sean Williams,1
Myles Turner,1
Carl Landry,1
Acie Law,1
Nick Young,1
Jason Smith,1
Glen Davis,1
Javaris Crittenton,1
Spencer Hawes,1
Arron Afflalo,1
Aaron Brooks,1
C.J. Watson,1
Julian Wright,1
Chris Richard,1
Nick Fazekas,1
Aaron Gray,1
Dominic McGuire,1
Brandan Wright,1
Jermareo Davidson,1
Mario West,1
Demetris Nichols,1
Willie Cauley-Stein,1
Brandon Roy,1
Adam Morrison,1
Rudy Gay,1
Rajon Rondo,1
Randy Foye,1
LaMarcus Aldridge,1
Tarence Kinsey,1
Josh Richardson,1
Craig Smith,1
Shelden Williams,1
Paul Millsap,1
Rodney Carney,1
Marcus Williams,1
Marcus Williams,1
Daniel Gibson,1
Renaldo Balkman,1
Rondae Hollis-Jefferson,1
Jordan Farmar,1
Allan Ray,1
Mardy Collins,1
J.J. Redick,1
Tyrus Thomas,1
Alexander Johnson,1
Cedric Simmons,1
Frank Kaminsky,1
Shawne Williams,1
Ronnie Brewer,1
David Noel,1
Solomon Jones,1
Leon Powe,1
Hilton Armstrong,1
Josh Boone,1
Lynn Greer,1
Chris Quinn,1
Anthony Brown,1
Quincy Douby,1
Hassan Adams,1
Bobby Jones,1
Bobby Jones,1
Andre Brown,1
Steve Novak,1
Chris Paul,1
Raymond Felton,1
Charlie Villanueva,1
Luther Head,1
Deron Williams,1
Larry Nance Jr.,1
Marvin Williams,1
Channing Frye,1
Danny Granger,1
Ryan Gomes,1
Nate Robinson,1
Salim Stoudamire,1
Jarrett Jack,1
T.J. McConnell,1
Joey Graham,1
Monta Ellis,1
Martell Webster,1
Rashad McCants,1
David Lee,1
David Lee,1
Alan Anderson,1
Orien Greene,1
Ike Diogu,1
Daniel Ewing,1
Gerald Fitch,1
James Singleton,1
Josh Powell,1
Hakim Warrick,1
Wayne Simien,1
Antoine Wright,1
Donell Taylor,1
C.J. Miles,1
Malcolm Brogdon,1
Kevin Burleson,1
Shavlik Randolph,1
Andrew Bynum,1
Lawrence Roberts,1
Emeka Okafor,1
Andre Iguodala,1
Dwight Howard,1
Josh Childress,1
Josh Smith,1
Chris Duhon,1
J.R. Smith,1
Quinton Ross,1
Jameer Nelson,1
Bobby Portis,1
Sebastian Telfair,1
Matt Freije,1
Matt Bonner,1
David Harrison,1
Trevor Ariza,1
Nick Collison,1
Tony Allen,1
Devin Harris,1
Jackson Vroman,1
Al Jefferson,1
Billy Thomas,1
Kirk Snyder,1
Royal Ivey,1
Kris Humphries,1
Delonte West,1
Andre Barrett,1
Lionel Chalmers,1
Jerian Grant,1
Donta Smith,1
James Thomas,1
Kevin Martin,1
LeBron James,1
Carmelo Anthony,1
Kirk Hinrich,1
Dwyane Wade,1
Chris Bosh,1
Jarvis Hayes,1
T.J. Ford,1
Keith Bogans,1
Udonis Haslem,1
Josh Howard,1
Chris Kaman,1
Tyus Jones,1
Matt Barnes,1
Ronald Dupree,1
Steve Blake,1
Marquis Daniels,1
Linton Johnson,1
Marcus Banks,1
Luke Ridnour,1
Willie Green,1
Chris McCullough,1
Mo Williams,1
David West,1
Brian Cook,1
Travis Hansen,1
Kyle Korver,1
Norman Powell,1
Brandon Hunter,1
Jason Kapono,1
Luke Walton,1
Reece Gaines,1
Richie Frahm,1
Matt Carroll,1
Caron Butler,1
Jonathon Simmons,1
Amar'e Stoudemire,1
Dajuan Wagner,1
Drew Gooden,1
Jay Williams,1
Carlos Rogers,1
Carlos Rogers,1
Junior Harrington,1
J.R. Bremer,1
Dorian Finney-Smith,1
Rashad Vaughn,1
Vincent Yarbrough,1
Rasual Butler,1
Reggie Evans,1
Smush Parker,1
Mike Batiste,1
Mike Dunleavy,1
Mike Dunleavy,1
Jarell Martin,1
Casey Jacobsen,1
Juan Dixon,1
Melvin Ely,1
Mike Wilks,1
Sean Lampley,1
Chris Jefferies,1
Lonny Baxter,1
Juaquin Hawkins,1
Richaun Holmes,1
Kareem Rush,1
Marcus Haislip,1
Chris Wilcox,1
Dan Dickau,1
Tayshaun Prince,1
Ryan Humphrey,1
John Salmons,1
Tamar Slay,1
Qyntel Woods,1
Cameron Payne,1
Adam Harrington,1
Shane Battier,1
Jason Richardson,1
Jamaal Tinsley,1
Sonny Parker,1
Trenton Hassell,1
Justin Anderson,1
Eddie Griffin,1
Joe Johnson,1
Gilbert Arenas,1
Richard Jefferson,1
Speedy Claxton,1
Jarron Collins,1
Brendan Haywood,1
Tyson Chandler,1
Jason Collins,1
Troy Murphy,1
Terence Morris,1
Eddy Curry,1
Kenny Satterfield,1
Earl Watson,1
Kwame Brown,1
Will Solomon,1
Lamar Patterson,1
Etan Thomas,1
Tierre Brown,1
Steven Hunter,1
Loren Woods,1
Alton Ford,1
Gerald Wallace,1
Joe Crispin,1
Zach Randolph,1
Brandon Armstrong,1
Willie Reed,1
Kenyon Martin,1
Marc Jackson,1
Mike Miller,1
Darius Miles,1
Morris Peterson,1
Chris Porter,1
Marcus Fizer,1
Stephen Jackson,1
Courtney Alexander,1
Chris Mihm,1
Kelly Oubre,1
Desmond Mason,1
Khalid El-Amin,1
Quentin Richardson,1
Mark Blount,1
Jamal Crawford,1
DerMarr Johnson,1
Stromile Swift,1
Keyon Dooling,1
Mateen Cleaves,1
Mike Penberthy,1
Lee Nailon,1
Eddie House,1
Paul McPherson,1
Daniel Santiago,1
Isaiah Whitehead,1
Darrun Hilliard,1
Mark Madsen,1
DeShawn Stevenson,1
Elton Brand,1
Lamar Odom,1
Steve Francis,1
Metta World Peace,1
Walt Szczerbiak,1
Adrian Griffin,1
Andre Miller,1
James Posey,1
Kenny Thomas,1
Shawn Marion,1
Vonteego Cummings,1
Anthony Carter,1
Jason Terry,1
Chucky Atkins,1
Richard Hamilton,1
Greg Buckner,1
Langston Galloway,1
Baron Davis,1
Corey Maggette,1
Eddie Robinson,1
Michael Ruffin,1
Chris Herren,1
Quincy Lewis,1
Ryan Bowen,1
Cal Bowdler,1
Scott Padgett,1
Nerlens Noel,1
Roy Rogers,1
William Avery,1
Milt Palacio,1
Devean George,1
Lari Ketner,1
Jason Williams,1
Vince Carter,1
Mike Bibby,1
Paul Pierce,1
Elfrid Payton,1
Michael Dickerson,1
Jamie Feick,1
Jamie Feick,1
Cuttino Mobley,1
Tyrone Nesby,1
Antawn Jamison,1
Matt Harpring,1
Jabari Parker,1
Larry Hughes,1
Robert Traylor,1
Michael Doleac,1
Cory Carr,1
Keon Clark,1
Damon Jones,1
Pat Garrity,1
Marcus Smart,1
Bryce Drew,1
Jelani McCoy,1
Brad Miller,1
Ricky Davis,1
J.R. Henderson,1
Corey Benjamin,1
Roshown McLeod,1
Earl Boykins,1
Toby Bailey,1
Marlon Garnett,1
Jordan Clarkson,1
Andrae Patterson,1
Gerald Brown,1
Ruben Patterson,1
Nazr Mohammed,1
Keith Van Horn,1
Ron Mercer,1
Brevin Knight,1
Cedric Henderson,1
Cedric Henderson,1
Bobby Jackson,1
Zach LaVine,1
Anthony Johnson,1
Derek Anderson,1
Chauncey Billups,1
Antonio Daniels,1
Eric Washington,1
Tony Battie,1
Tim Thomas,1
Danny Fortson,1
Maurice Taylor,1
Lawrence Funderburke,1
Alvin Williams,1
Rodrick Rhodes,1
Tracy McGrady,1
Rick Brunson,1
Jerald Honeycutt,1
Kelvin Cato,1
Domantas Sabonis,1
Adreian Payne,1
Keith Closs,1
Kevin Ollie,1
Bubba Wells,1
John Thomas,1
Travis Williams,1
Jacque Vaughn,1
Chris Garner,1
Chris Crawford,1
Anthony Parker,1
Allen Iverson*,1
Kerry Kittles,1
Antoine Walker,1
Shareef Abdur-Rahim,1
Stephon Marbury,1
Ray Allen,1
Marcus Camby,1
Matt Maloney,1
Lorenzen Wright,1
K.J. McDaniels,1
Dean Garrett,1
Chris Robinson,1
Shandon Anderson,1
Travis Knight,1
Kobe Bryant,1
Randy Livingston,1
Othella Harrington,1
Erick Dampier,1
Rodney Hood,1
Tony Delk,1
Samaki Walker,1
Todd Fuller,1
John Wallace,1
Derek Fisher,1
Ray Owes,1
Jermaine O'Neal,1
Malik Rose,1
Brett Szabo,1
Jerami Grant,1
Darvin Ham,1
Steve Hamer,1
Walter McCarty,1
Priest Lauderdale,1
Damon Stoudamire,1
Michael Finley,1
Jerry Stackhouse,1
Joe Smith,1
Bryant Reeves,1
Tyus Edney,1
Antonio McDyess,1
Kevin Garnett,1
Rasheed Wallace,1
Brent Barry,1
Eric Williams,1
Kurt Thomas,1
Ashraf Amaya,1
Alan Henderson,1
Gary Trent,1
Loren Meyer,1
Theo Ratliff,1
Anthony Goldwire,1
Bob Sura,1
Don Reid,1
Jimmy King,1
Shawn Respert,1
Shabazz Napier,1
Cherokee Parks,1
Lawrence Moten,1
Greg Ostertag,1
Corliss Williamson,1
Terrence Rencher,1
Chris Carr,1
Travis Best,1
Jason Caffey,1
Elijah Millsap,1
Eric Snow,1
Jerome Allen,1
Junior Burrough,1
Lou Roe,1
Marques Bragg,1
Todd Mundt,1
Grant Hill,1
Glenn Robinson,1
Glenn Robinson,1
Juwan Howard,1
Tarik Black,1
Jason Kidd,1
Lamond Murray,1
Eddie Jones,1
Eric Montross,1
Donyell Marshall,1
Brian Grant,1
Sharone Wright,1
Wesley Person,1
Clifford Rozier,1
Jalen Rose,1
Tyler Johnson,1
Khalid Reeves,1
Chris Childs,1
Aaron McKie,1
Ryan Lorthridge,1
Derrick Alston,1
Anthony Tucker,1
Greg Minor,1
Eric Piatkowski,1
B.J. Tyler,1
Eric Mobley,1
Monty Williams,1
Anthony Miller,1
Howard Eisley,1
Bill Curley,1
Jamie Watson,1
Tony Dumas,1
Dickey Simpkins,1
Jim McIlvaine,1
Dwayne Morton,1
Darrin Hancock,1
Tim Breaux,1
Trevor Ruffin,1
Brooks Thompson,1
Anfernee Hardaway,1
Jamal Mashburn,1
Nick Van Exel,1
Chris Webber,1
Aaron Gordon,1
Vin Baker,1
Isaiah Rider,1
Lindsey Hunter,1
Chris Mills,1
George Lynch,1
P.J. Brown,1
Calbert Cheaney,1
Bo Outlaw,1
Popeye Jones,1
Antonio Davis,1
Allan Houston,1
Harold Ellis,1
Rodney Rogers,1
Mitchell Butler,1
Sam Cassell,1
Bryon Russell,1
Darren Morningstar,1
Markel Brown,1
Acie Earl,1
Lucious Harris,1
Scott Burrell,1
Warren Kidd,1
Greg Graham,1
Mike Peplowski,1
Terry Dehere,1
James Robinson,1
Corie Blount,1
Cleanthony Early,1
David Wesley,1
Chris Whitney,1
Rex Walters,1
Darnell Mee,1
Josh Grant,1
Ervin Johnson,1
Brian Davis,1
Eric Riley,1
Shaquille O'Neal*,1
Latrell Sprewell,1
Christian Laettner,1
Tom Gugliotta,1
Alonzo Mourning*,1
LaPhonso Ellis,1
Clarence Weatherspoon,1
Robert Horry,1
Sean Rooks,1
Walt Williams,1
Anthony Avent,1
Richard Dumas,1
Todd Day,1
Bryant Stith,1
Doug Overton,1
Anthony Peeler,1
Walter Bond,1
Andre Spencer,1
Lloyd Daniels,1
Oliver Miller,1
Harold Miner,1
T.J. Warren,1
Adam Keefe,1
Lee Mayberry,1
Hubert Davis,1
Byron Houston,1
Chris Smith,1
Chris Smith,1
Brent Price,1
Marlon Maxey,1
Litterial Green,1
Jon Barry,1
